{"global_step": 0, "_timestamp": 1672878861.201983, "_runtime": 4.584584951400757, "_step": 0, "_wandb": {"runtime": 3}}