{"actor_losses": 0.0096945371478796, "critic_losses": 29.06627082824707, "rewards": 9.0, "_timestamp": 1671859937.308183, "_runtime": 67.16377401351929, "_step": 9999}