{"global_step": 0, "_timestamp": 1672886356.6834078, "_runtime": 5.4503068923950195, "_step": 0, "_wandb": {"runtime": 3}}