{"actor_losses": 0.00013733834202867, "critic_losses": 35.15530776977539, "rewards": 10.0, "_timestamp": 1671857696.168552, "_runtime": 48.89689493179321, "_step": 9999, "_wandb": {"runtime": 278}}