{"global_step": 0, "_timestamp": 1672878885.201605, "_runtime": 4.529278993606567, "_step": 0, "_wandb": {"runtime": 3}}