{"global_step": 0, "_timestamp": 1672879194.7223501, "_runtime": 4.92806601524353, "_step": 0, "_wandb": {"runtime": 3}}