{"global_step": 0, "_timestamp": 1672878739.041225, "_runtime": 4.491215944290161, "_step": 0, "_wandb": {"runtime": 3}}