{"global_step": 49664, "_timestamp": 1672879349.939425, "_runtime": 21.758025884628296, "_step": 97, "charts/learning_rate": 2.577319492047536e-06, "losses/value_loss": 63.61354064941406, "losses/policy_loss": -2.425163984298706e-06, "losses/entropy": 0.5595938563346863, "losses/old_approx_kl": 1.86101533472538e-06, "losses/approx_kl": 1.0011717677116394e-08, "losses/clipfrac": 0.0, "losses/explained_variance": 0.17435890436172485, "charts/SPS": 2879.0, "_wandb": {"runtime": 20}}