{"global_step": 6144, "_timestamp": 1672886382.390819, "_runtime": 11.403869152069092, "_step": 12, "charts/learning_rate": 0.000221649490413256, "losses/value_loss": 59.259761810302734, "losses/policy_loss": -0.005322888493537903, "losses/entropy": 0.62200927734375, "losses/old_approx_kl": 0.004800244700163603, "losses/approx_kl": 0.0014012479223310947, "losses/clipfrac": 0.0, "losses/explained_variance": 0.013197541236877441, "charts/SPS": 1089.0, "_wandb": {"runtime": 9}}