{"global_step": 0, "_timestamp": 1672879095.5994859, "_runtime": 4.659256935119629, "_step": 0, "_wandb": {"runtime": 3}}