{"global_step": 0, "_timestamp": 1672879030.9597282, "_runtime": 4.648456335067749, "_step": 0, "_wandb": {"runtime": 3}}