{"global_step": 0, "_timestamp": 1672878525.345696, "_runtime": 4.667577028274536, "_step": 0, "_wandb": {"runtime": 3}}